sku,name,,
NK0002A,Fire Kiln Necklace,,
NK0009B,Green Rampant Necklace,,
NK0009A,Blue Constellation Necklace,,
NK0012A,Purple Drops Necklace,,
NK0012B,Sparkling Christmas Necklace,,
NK0005A,Rolling Waves Necklace,,
NK0007B,Sunlight Citrine Necklace,,
NK0007A,Purple Royale Necklace,,
NK0006A,Grand Galaxias Necklace,,
NK0011A,Golden Eye Necklace,,
NK0004A,Garnered Green Necklace,,
NK0008A,Luminous Marquise Necklace,,
NK0010A,Helios and Hoops Necklace,,
NK0001A,Red Princeza Necklace,,
NK0014A,Curvaceous Queen Necklace,,
NK0015A,Blooming Lotus Necklace,,
NK0016A,Glorious Green Necklace,,
NK0017A,Pearl Vine Necklace,,
NK0018A,Jewel of the Sea Necklace,,
NK0020A,Lily of the Valley Necklace,,
NK0021A,Regal Splendor Necklace,,
NK0022A,Fairy's Fantasy Necklace,,
NK0023A,Pledge of Affection Necklace,,
BR0036A,Green Square Bracelet,,
BR0002A,The Intertwined Bracelet,,
BR0008A,The Infinity Bracelet,,
BR0015A,Dazzling Dream Bracelet,,
BR0029A,Fraternal Bond Bracelet,,
BR0013A,Filigree Fantasy Bracelet,,
BR0031A,Attractive Opposites Bracelet,,
BR0004A,Virtuous Verdant Bracelet,,
BR0009A,The Green Connect Bracelet,,
BR0018A,Crimson Cluster Bracelet,,
BR0038A,Ethereal Eva Bracelet,,
BR0037A,Forest Flora Bracelet,,
BR0033A,Pearl of Wisdom Bracelet,,
BR0012A,Sophistiqué Senorita Bracelet,,
BR0025A,Simple Jane Bangle,,
BR0010A,Locked Embrace Bracelet,,
BR0023A,A Tale of Two Pearls Bracelet,,
BR0011A,Committed Love Diamonds,,
BR0026A,Eligere Eva Bangle,,
BR0027A,Ethnic Elegance Bangle,,
BR0022A,Celebration Citrine Bracelet,,
BR0001A,Royale Blue Bracelet,,
BR0036B,Red Square Bracelet,,
BR0024A,Gold Tinsel Bracelet,,
BR0024B,White Tinsel Bracelet,,
BR0024C,Pink Tinsel Bracelet,,
BR0028A,Portia's Passion in Yellow Gold,,
BR0028B,Portia's Passion in White Gold,,
BR0028C,Portia's Passion in Pink Gold,,
BR0030A,Smitten by the Green Bug Bracelet,,
BR0032A,Celestial Eclipse Bracelet,,
BR0034A,Yin-Yang Bracelet,,
BR0035A,Captivating Green Comet Bracelet,,
BR0035B,Captivating Red Comet Bracelet,,
BR0039A,Bejeweled Bugle Bracelet,,
BR0040A,Elliptic Elegance Bracelet,,
BR0041A,Dazzling Delta Bracelet,,
BR0043A,Bianca Beauty Bangle,,
RG0001A,Dazzling Yellow Duet Ring,,
RG0001B,Dazzling White Duet Ring,,
RG0002A,Diamonds Four-ever Ring,,
RG0003A,Radiant Sun Ring,,
RG0005A,Seal of Love Ring,,
RG0006A,Flawless Fantasy Ring,,
RG0007A,Twinkling Tania in Yellow Gold Ring,,
RG0007B,Twinkling Tania in Pink Gold Ring,,
RG0007C,Twinkling Tania in White Gold Ring,,
RG0008A,Bold Green Broughton Ring,,
RG0008B,Bold Red Broughton Ring,,
RG0009A,Pristine Elegance Ring,,
RG0011A,Debonair Diamond Ring,,
RG0015A,Smiling Sunflower Ring,,
RG0016A,Quaint Quetzal Ring,,
RG0017A,Demure Dazzle in Yellow Gold Ring,,
RG0017B,Demure Dazzle in Pink Gold Ring,,
RG0017C,Demure Dazzle in White Gold Ring,,
RG0018A,Crimson and Clover Ring,,
RG0019A,Passion of Persia Ring,,
RG0020A,Precious Pandora Ring,,
RG0022A,Dragon Ball Ring,,
RG0030A,Royal Halo Ring,,
RG0031A,Golden Harvest Ring,,
RG0032A,Magnificent Marigold Ring,,
RG0033A,Radiant Rainbow Ring,,
RG0036A,Argyle Allure Ring,,
RG0037A,Midnight Helix Ring,,
RG0040A,Dionysus' Diamond Ring,,
RG0042A,Persian Pride Ring,,
RG0044A,Jewel of Athena Ring,,
RG0046A,Radiant White Rigel Ring,,
RG0046B,Radiant Yellow Rigel Ring,,
RG0046C,Radiant Pink Rigel Ring,,
RG0047A,Luminous White Lyra Ring,,
RG0047B,Luminous Yellow Lyra Ring,,
RG0047C,Luminous Pink Lyra Ring,,
RG0048A,Turas Tiana in Yellow Gold Ring,,
RG0048B,Turas Tiana in Pink Gold Ring,,
RG0048C,Turas Tiana in White Gold Ring,,
RG0049A,Ribbon of Honor in Yellow Gold Ring,,
RG0049B,Ribbon of Honor in Pink Gold Ring,,
RG0050A,Tantalizing Trillium in Yellow Gold Ring,,
RG0050B,Tantalizing Trillium in Pink Gold Ring,,`
RG0050C,Tantalizing Trillium in White Gold Ring,,
RG0051A,Open Sesame Ring,,
RG0056A,Nizam's Triumph Ring,,
RG0057A,Midnight Star Ring,,
RG0059A,Azure Brilliance Ring,,
RG0067A,Gaelic Globe Ring,,
RG0072A,Ravishing Rapunzel in White Gold,,
RG0072B,Ravishing Rapunzel in Yellow Gold,,
RG0072C,Ravishing Rapunzel in Pink Gold,,
RG0073A,Splendorous Astra Ring,,
RG0074A,Twisted Fantasy in White Gold Ring,,
RG0074B,Twisted Fantasy in Pink Gold Ring,,
RG0075A,Encircling Charm Ring,,
RG0076A,Soul of Winter in White Gold Ring,,
RG0076B,Soul of Winter in Pink Gold Ring,,
RG0077A,Enchanting Rosette Ring,,
RG0078A,Chamber of Diamonds Ring,,
RG0080A,White Aurora Ring,,
RG0081A,Star Trek in Yellow Gold Ring,,
RG0082A,Crimson Cretan Ring,,
RG0083A,Green Cretan Ring,,
RG0084A,Victorian Grandeur Ring,,
RG0086A,Blissful Betrothal Ring,,
RG0088A,Day Lily Ring,,
RG0089A,Charming Rosette in White Gold,,
RG0089B,Charming Rosette in Pink Gold,,
RG0090A,Luscious Life Mate Ring,,
RG0092A,Glamor Goddess Ring,,
RG0093A,God's Morning Star in Yellow Gold,,
RG0093B,God's Morning Star in White Gold,,
RG0093C,God's Morning Star in Pink Gold,,
RG0094A,Elegant Eva Ring,,
RG0096A,Vector Star Ring,,
RG0098A,Pursuit of Perseus Ring,,
RG0099A,Sultry Strands Ring,,
RG0100A,Alpine Stars in Yellow Gold Ring,,
RG0100B,Alpine Stars in White Gold Ring,,
RG0100C,Alpine Stars in Pink Gold Ring,,
RG0101A,Charming Chevron Ring,,
RG0102A,Scintillating Saturn Ring,,
RG0103A,Geometric Joy Ring,,
RG0106A,Hemera's Halo Ring,,
RG0107A,Yellow Aurora Ring,,
RG0108A,Abstract Aura Ring,,
RG0109A,Queen Bee and her drone in Yellow Gold Ring,,
RG0109B,Queen Bee and her drone in White Gold Ring,,
RG0109C,Queen Bee and her drone in Pink Gold Ring,,
RG0110A,Duet Diamond Ring,,
RG0111A,Flash of Lightning in Yellow Gold Ring,,
RG0111B,Flash of Lightning in Pink Gold Ring,,
RG0116A,Link of Love in White Gold,,
RG0116B,Link of Love in Yellow Gold,,
RG0116C,Link of Love in Pink Gold,,
RG0117A,Three to Tango in Yellow Gold Ring,,
RG0117B,Three to Tango in White Gold Ring,,
RG0117C,Three to Tango in Pink Gold Ring,,
RG0118A,Alluring Athena in Yellow Gold Ring,,
RG0118B,Alluring Athena in White Gold Ring,,
RG0118C,Alluring Athena in Pink Gold Ring,,
RG0119A,Magical Midnight Rain Ring,,
RG0120A,Song of Ariel Ring,,
RG0121A,Brilliant Bunting in Yellow Gold Ring,,
RG0121B,Brilliant Bunting in White Gold Ring,,
RG0121C,Brilliant Bunting in Pink Gold Ring,,
RG0122A,Angelic White Aquila Ring,,
RG0122B,Angelic Pink Aquila Ring,,
RG0123A,Flower Power Ring,,
RG0124A,Bolt from the Blue Ring,,
RG0125A,Boastful Black Ring,,
RG0126A,Generous Jubilance Ring,,
RG0127A,Sparkling Septua White Ring,,
RG0127B,Sparkling Septua Pink Ring,,
RG0129A,Ethereal Beauty in White Gold Ring,,
RG0129B,Ethereal Beauty in Yellow Gold Ring,,
RG0130A,Ravishing Rosette in Yellow Gold Ring,,
RG0130B,Ravishing Rosette in White Gold Ring,,
RG0130C,Ravishing Rosette in Pink Gold Ring,,
RG0131A,Glimmering Gardenia in Yellow Gold Ring,,
RG0131B,Glimmering Gardenia in White Gold Ring,,
RG0131C,Glimmering Gardenia in Pink Gold Ring,,
RG0132A,Tangled Tresses Ring,,
RG0133A,Charming in White Ring,,
RG0134A,Elite Elegance Ring,,
RG0135A,Endearing Elsa Ring,,
RG0136A,Sacred Third Eye Ring,,
RG0137A,Dew Drop Ring,,
RG0138A,Magnificent Mayan Temple Ring,,
RG0139A,Morni Ring,,
RG0140A,Queen of Arendelle Ring,,
RG0141A,Joyous Jasmine in Yellow Gold Ring,,
RG0141B,Joyous Jasmine in White Gold Ring,,
RG0141C,Joyous Jasmine in Pink Gold Ring,,
RG0142A,Beijing Princess Ring,,
RG0143A,Green Reigning Reine Ring,,
RG0143B,Red Reigning Reine Ring,,
RG0143C,Blue Reigning Reine Ring,,
RG0146A,Green Dainty Daisy Ring,,
RG0146B,Red Dainty Daisy Ring,,
RG0147A,Ravishing Rubia Ring,,
RG0148A,Enthralling Topaz Ring,,
RG0150A,Band of Brilliance Ring,,
RG0151A,True-Blue Talia Ring,,
RG0152A,Victorian Vintage in Blue Ring,,
RG0152B,Victorian Vintage in Red Ring,,
RG0152C,Victorian Vintage in Green Ring,,
RG0153A,Victoria Trivium in Red Ring,,
RG0153B,Victoria Trivium in Green Ring,,
RG0153C,Victoria Trivium Ring,,
RG0154A,Blue Bonita Ring,,
RG0155A,Jovial Juliet Ring,,
RG0161A,Scintillating Suzette Ring,,
RG0162A,Passion of Aphrodite Ring,,
RG0167A,Enthralling Esmeralda Ring,,
RG0168A,Enchanting Emerald Ring,,
RG0169A,Moon Dust Ring,,
RG0175A,Splendid Selene Ring,,
RG0176A,Lustrum Luster Ring,,
RG0189A,Emerald Elixir Ring,,
RG0190A,Dazzling Diana Ring,,
RG0196A,Precious Poseidon Ring,,
RG0198A,Lily White Ring,,
RG0199A,Rosetta Ribbon Ring,,
RG0200A,Queen of Hearts Ring,,
RG02010A,Athena's Ambrosia Ring,,
RG02013A,Radiant Roumpíni Ring,,
RG02014A,Enticing Emerald Ring,,
RG02017A,Knotty Norah Ring,,
RG0203A,Zestful Zarina Ring,,
RG0205A,Luring Laila Ring,,
RG0207A,Dazzling Della Ring,,
RG0209A,Frost Fairy Ring,,
RG0222A,Christmas Wreath Ring,,
RG0230A,Ornate Azure Ring,,
RG0238A,Divine Daisy Ring,,
RG0239A,Blushing Bella Ring,,
RG0242A,Star of Bethlehem Ring,,
RG0243A,Ethereal Elodie Ring,,
PD0001A,Chic in Chalcedony Pendant,,
PD0007A,Adored Amelia Pendant,,
PD0008A,Della Diamonds Pendant,,
PD0009A,A Toast to Beer Quartz Pendant,,
PD0016A,Scarlet Splendor Pendant,,
PD0020A,Teddy Love Pendant,,
PD0028A,Star Of Venus Pendant,,
PD0029A,Lucky Lisianthus Pendant,,
PD0045A,Ornate Flora Pendant,,
PD0061A,Lord of Rings in Yellow Gold Pendant,,
PD0061B,Lord of Rings in White Gold Pendant,,
PD0062A,Gold and Sparkle Hoops Pendant,,
PD0062B,Pink and Sparkle Hoops Pendant,,
PD0062C,White and Sparkle Pendant,,
PD0072A,Golden Eclipse Pendant,,
PD0073A,Pretty Precious Pendant,,
PD0079A,Pearl Tinker Bell Pendant,,
PD0079B,Golden Tinker Bell Pendant,,
PD0083A,Snowflake Princess Pendant,,
PD0086A,Cat Eye Pendant,,
PD0130A,Free Spirit Pendant,,
PD0141A,Pearlette in a Casket Pendant,,
PD0142A,Charming Chick Pendant,,
PD0150A,Pendulum Pearl Pendant,,
PD0168A,Zeleny Zara Pendant,,
PD0251A,Peach Espiral Pendant,,
PD0252A,Dazzling Dabriel Pendant,,
PD0253A,Pretty in Peach Pendant,,
PD0254A,Valentine Forever Pendant,,
PD0255A,Coltish Coral Pendant,,
PD0256A,Davina Diamonds Pendant,,
PD0500A,Citrine Tranquil Triangles Pendant,,
PD0500B,Green Tranquil Triangles Pendant,,
PD0501A,Dancing Diamond in Yellow Gold Pendant,,
PD0501B,Dancing Diamond in White Gold Pendant,,
PD0514A,Roheline Zahra Pendant,,
PD0515A,Moon and Stars Pendant,,
PD0517A,Game of Target Pendant in Yellow Gold,,
PD0517B,Game of Target in Pink Gold Pendant,,
PD0522A,Luminous Labyrinth Pendant,,
PD0590A,Pearlita Grace Pendant,,
PD1205A,Queen of the Night Pendant,,
PD1206A,Black and Bold Pendant,,
PD1207A,Check-mate in Yellow Gold Pendant,,
PD1207B,Check-mate in Pink Gold Pendant,,
PD1208A,Alluring Amethyst Pendant,,
PD1209A,Floral Ambrosia Pendant,,
PD1210A,Grace in Green Pendant,,
PD1211A,Princess Ameerah Pendant,,
PD1212A,Gliding Parakeet Pendant,,
PD1213A,The Three Musketeers Pendant,,
PD1219A,Henna Heaven Pendant,,
PD1220A,Blue Bell Pendant,,
PD1221A,Pretty Pearlita Pendant,,
PD1222A,Red Whirl Pendant,,
PD1224A,Green Florero Pendant,,
PD1225A,Brilliant Braid Pendant,,
PD1226A,Scarlett Bloom Pendant,,
PD1227A,Sprouting Splendor Pendant,,
PD1229A,Pristine Pearline Pendant,,
PD1230A,Svelte Golden Swan Pendant,,
PD1231A,Pouch of Secrets Pendant,,
PD1232A,Glittering Gazania Pendant,,
PD1233A,Green Gentian Pendant,,
PD1234A,Black Barbiel Pendant,,
PD1235A,Lila Lady Pendant,,
PD1236A,Mesmerizing Magnolia Pendant,,
PD1240A,Sparkling Snowflake Pendant,,
PD1241A,Autumn Foliage Pendant,,
PD1242A,Phantom Queen Pendant,,
PD1243A,Resplendent Ripples Pendant,,
PD1244A,Tender Trillium Pendant,,
PD1246A,Opulent Princess Ozma in Topaz Pendant,,
PD1246B,Opulent Princess Ozma in Coral Pendant,,
PD1247A,Sea Dragon Pendant,,
PD1248A,Flamboyant Faunus Pendant,,
PD1249A,Emily Rose Pendant,,
PD1250A,Ethnic Radiance Pendant,,
PD1251A,Midnight Moon Pendant,,
PD1252A,Fabulous Fortuna Pendant,,
PD1253A,Splendorous Citrine Pendant,,
PD1258A,Wish upon a Star Pendant,,
PD1259A,Twinkling Twirl Pendant,,
PD1260A,Jewel of Jasmine Pendant,,
PD1262A,Dark Sparkle Pendant,,
PD1263A,Dazzling Droplet Pendant,,
PD1264A,Vatican Splendor Pendant,,
PD1265A,Luminous Loops Pendant,,
PD1266A,Star of Nemesis Pendant,,
PD1267A,Precious and Protected Pearl Pendant,,
PD1268A,Princess Tiana Pendant,,
PD1270A,Ultraviolet Radiance Pendant,,
PD1271A,Luminous Estuary Pendant,,
PD1272A,Love Lock Pendant,,
PD1274A,Daily Diamonds Pendant,,
PD1275A,Lucky Charm Pendant,,
PD1277A,Bridesmaid Pendant,,
PD1278A,Cute Cuadrado Pendant,,
PD1281A,Elegant Elysia Pendant,,
PD1282A,Purple Heavenly Habibi Pendant,,
PD1282B,Red Heavenly Habibi Pendant,,
PD1283A,Octagonal Brilliance Pendant,,
PD1284A,Silver Lining Pendant,,
PD1287A,Mandolin Margaret Pendant,,
PD1288A,Infinite Loop Pendant,,
PD1290A,The Golden Mango Pendant,,
PD1292A,Green Lantern Pendant,,
PD1295A,Delicia Diamonds Pendant,,
PD1297A,Sea-Through Fantasia Pendant,,
PD1298A,Double-sided Poseidon Waves Pendant,,
PD1299A,Heavenly Hoops Pendant,,
PD1300A,Hoopla Party with Rock and Metal in Yellow Gold Pendant,,
PD1300B,Hoopla Party with Rock and Metal in Pink Gold Pendant,,
PD1302A,Diana's Clutch Pendant,,
PD1303A,Precious Paisley Pendant,,
PD1304A,Heavenly Hazel Pendant,,
PD1305A,Aqua Eructo Pendant,,
PD1306A,Sky Girl Pendant,,
PD1307A,Elegant Eleanor Pendant,,
PD1308A,Frolic Fleur-de-lis Pendant,,
PD1310A,Pearls of Paradise Pendant,,
PD1311A,Pearl Esmeralda Pendant,,
PD1312A,Winter Willow Pendant,,
PD1314A,Charming Charlotte Pendant,,
PD1315A,Endearing Executive Pendant,,
PD1316A,Knotty Diamond Pendant,,
PD1319A,Blue Cynthia Pendant,,
PD1320A,Divine Daffodils Pendant,,
PD1321A,Mystery of the Mayan Pyramid Pendant,,
PD1322A,Dainty Darlene Pendant,,
PD1323A,Modest Maiden Pendant,,
PD1324A,Enchanting Flute Pendant,,
PD1326A,Beautiful Brigitte Pendant,,
PD1327A,For the Love of Ludo Pendant,,
PD1328A,Nightingale Jewel Pendant,,
PD1329A,Golden Honeycomb Pendant,,
PD1330A,Treasured Azure Pendant,,
PD1331A,Celestial Circle Pendant,,
PD1332A,Elliptic Radiance Pendant,,
PD1333A,Pretty Plumeria Pendant,,
PD1334A,Dazzling Daphne Pendant,,
PD1443A,Golden Nest Pendant,,
PD1444A,Natty Norah Pendant,,
PD1450A,Passion for Paisley Pendant,,
PD1453A,Blazing Blossom Pendant,,
PD1454A,Blessing of Aphrodite Pendant,,
PD1459A,Blue Star Creeper Pendant,,
PD1460A,Floral Pageantry Pendant,,
PD1461A,Twist and Pop Pendant,,
PD1462A,Celestial Orb Pendant,,
PD1463A,Paisley Princess Pendant,,
PD1464A,Heavenly Hibiscus Pendant,,
PD1465A,Pride of a Peacock Pendant,,
PD1467A,Celebration of Silvanus Pendant,,
PD1468A,Gorgeous Gowhar Pendant,,
PD1470A,Celebrating Contrasts Pendant,,
PD1475A,Playful Pearla Pendant,,
PD1494A,Lustrous Lylah Pendant,,
PD1495A,Autumn Flora Pendant,,
PD1496A,Alluring Aster Pendant,,
PD1497A,Jeweled Jessica Pendant,,
PD1498A,Radiant Rosaline Pendant,,
PD1499A,Starry Night Pendant,,
PD1500A,Lovely Water Lily Pendant,,
PD1239A,Power of Kryptonite Pendant,,
PD1245A,Valuable Vault Pendant,,
PD1256A,Xenial Xena Pendant,,
PD1273A,Kryptonite Shield Pendant,,
PD1280A,Rubia Armeria Pendant,,
PD1285A,Pearlette Shooting Star Pendant,,
PD1291A,Scintillating Cearas Pendant,,
PD1309A,Curls and Cuts Pendant,,
PD1313A,Radial Sun Pendant,,
PD1317A,Golden Cradle Pendant,,
PD1515A,Gold Petals Pendant,,
PD1516A,Pearl and Paisley Pendant,,
PD1518A,Floral Charm Pendant,,
PD1520A,Shining Catalina Pendant,,
PD1521A,Arabic Henna Pendant,,
PD1524A,Graceful Glenda Pendant,,
PD1526A,Fairy Moss Pendant,,
PD1530A,Wedding Flower Basket Pendant,,
PD1532A,Pearlette Frond Pendant,,
PD1534A,Gift of Gabriel Pendant,,
PD1538A,Mermaid Weed Pendant,,
PD1580A,Luminous Luciana Pendant,,
PD1581A,Celadon Sparkle Pendant,,
PD1586A,Radial Radiance Pendant,,
PD1587A,Twinkling Tong Pendant,,
PD1594A,Lucky Lanthine Pendant,,
ER1003A,Double Band Diamonds Earrings,,
ER1004A,Fabulous Frills Earrings,,
ER1011A,Bisera Ball Earrings,,
ER1022A,Arabian Checkmate Earrings,,
ER1033A,Cute Curls Earrings,,
ER1035A,Jovial Jasmine Earrings,,
ER1042A,Golden Fleur-de-lis Earrings,,
ER1049A,Purple Puriel Earrings,,
ER1062A,Sparkling Sophia Earrings,,
ER1066A,Twinkling Topaz Earrings,,
ER1067A,Crimson Circle Earrings,,
ER1068A,Citrine Blossoms Earrings,,
ER1074A,Ravishing Raphael Earrings,,
ER1076A,Golden Braid Earrings,,
ER1102A,Timeless Topaz Earrings,,
ER1115A,Birmingham Bloom Earrings,,
ER1118A,Ravishing Rachel Earrings,,
ER1119A,Angelic Amethyst Earrings,,
ER1129A,Christmas Lights Earrings,,
ER1131A,Isafil Topaz Earrings,,
ER1135A,Trickling Dew Drops Earrings,,
ER1140A,Classic Pearl Drop Earrings,,
ER1141A,Ball Rocket Earrings,,
ER1143A,Jewel of Judith Earrings,,
ER1148A,Holy Haziel Earrings,,
ER1160A,Linking Loops Earrings,,
ER1163A,Scintillating Centeotle Earrings,,
ER1170A,Smokey Driblet Earrings,,
ER1174A,Dazzling Drop-ception Earrings,,
ER1176A,Smokey Loop Earrings,,
ER1180A,Vibrant Verde Earrings,,
ER1183A,Perfect in Purpura Earrings,,
ER1184A,Floral Eztia Earrings,,
ER1185A,The Three Magi Earrings,,
ER1192A,Glass of Red Wine Earrings,,
ER1193A,Pacman Pearl Earrings,,
ER1502A,Sparkling Better Half Earrings,,
ER1503A,Celestial Orbit Earrings,,
ER1505A,Citrine Splendor Earrings,,
ER1510A,Red n White Dual Frills Earrings,,
ER1511A,Guardian Angel Earrings,,
ER1512A,Caged Pearl Earrings,,
ER1513A,Topaz Drop Earrings,,
ER1335A,Dangling Red Fleur Earrings,,
ER1337A,Citrine spectacle Earrings,,
ER1340A,Elegant Evianna Earrings,,
ER1344A,Attractive Amelia Earrings,,
ER1346A,Christmas Candy Earrings,,
ER1348A,Scintillant Spinel in White Gold Earrings,,
ER1348B,Scintillant Spinel in Pink Gold Earrings,,
ER1349A,Fraser Island Green Flower Earrings,,
ER1349B,Fraser Island Red Flower Earrings,,
ER1350A,Ornate Orb in Yellow Gold Earrings,,
ER1350B,Ornate Orb in Pink Gold Earrings,,
ER1364A,Captivating Camellia in Yellow Gold Earrings,,
ER1364B,Captivating Camellia in White Gold Earrings,,
ER1376A,Pretty Patricia Earrings,,
ER1384C,Engulfing Wave in Pink Gold Earrings,,
ER1391A,Princess Helena Hoops Earrings,,
ER1395A,Black Moon Earrings,,
ER1412A,Red Whirlpool Earrings,,
ER1426A,Lilac Floret Earrings,,
ER1434A,Black Flower Earrings,,
ER1437A,Golden Flame Earrings,,
ER1437B,White Flame Earrings,,
ER1541A,Pop-up Paisley Earrings,,
ER1438A,Black Orchid Earrings,,
ER1490A,Black and White Loops Earrings,,
ER1492A,Black-Eye Hoop Earrings,,
ER1493A,Evergreen Diamond Earrings,,
ER1588A,Allure of Anne Earrings,,
ER1590A,Radiant Rotund Earrings,,
ER1598A,Single Heart Earrings,,
NE0001A,Red Princeza Earrings,,
NE0014A,Curvaceous Queen Earrings,,
NE0015A,Blooming Lotus Earrings,,
NE0017A,Pearl Vine Earrings,,
NE0018A,Jewel of the Sea Earrings,,
NE0020A,Lily of the Valley Earrings,,
NE0021A,Regal Splendor Earrings,,
NE0022A,Fairy's Fantasy Earrings,,
NE0023A,Pledge of Affection Earrings,,
ER1239A,Power of Kryptonite Earrings,,
ER1245A,Valuable Vault Earrings,,
ER1256A,Xenial Xena Earrings,,
ER1273A,Kryptonite Shield Earrings,,
ER1280A,Rubia Armeria Earrings,,
ER1309A,Curls and Cuts Earrings,,
ER1313A,Radial Sun Earrings,,
ER1317A,Golden Cradle Earrings,,
ER1521A,Arabic Henna Earrings,,
ER1530A,Wedding Flower Basket Earrings,,
ER1532A,Pearlette Frond Earrings,,
ER1538A,Mermaid Weed Earrings,,
ER1544A,Cluster Buds Earrings,,
ER1545B,Twinkling Tide in Pink Gold Earrings,,
ER1546A,Illuminated Infinity in Yellow Gold Earrings,,
ER1546B,Illuminated Infinity in Pink Gold Earrings,,
ER1547A,Delicate Diva Earrings,,
ER1549A,Paradoxical Paisley in Yellow Gold Earrings,,
ER1549B,Paradoxical Paisley in Pink Gold Earrings,,
ER1550A,Sprouting Sparkles Earrings,,
ER1551A,Tender Bloom Earrings,,
ER1552A,Fluttering Feather in Yellow Gold Earrings,,
ER1552B,Fluttering Feather in Pink Gold Earrings,,
ER1553A,Voguish Vernonia in Yellow Gold Earrings,,
ER1554A,Reflecting Drop in Yellow Gold Earrings,,
ER1554B,Reflecting Drop in Pink Gold Earrings,,
ER1555B,Himalayan Bloom in Pink Gold Earrings,,
ER1556A,Mango Drop Earrings,,
ER1557A,Elegant Emily in Yellow Gold Earrings,,
ER1557B,Elegant Emily in Pink Gold Earrings,,
ER1559A,Courageous Contessa Earrings,,
ER1560A,Divine Yellow Lotus Earrings,,
ER1561B,Fun with Shapes in Pink Gold Earrings,,
ER1562A,Opulent Orange in Yellow Gold Earrings,,
ER1562B,Opulent Orange in Pink Gold Earrings,,
ER1563A,Spectacular Spade in Yellow Gold Earrings,,
ER1563B,Spectacular Spade in Pink Gold Earrings,,
ER1565A,Expression Triangles in Yellow Gold Earrings,,
ER1566A,Royal Hand Fan in Yellow Gold Earrings,,
ER1566B,Royal Hand Fan in Pink Gold Earrings,,
ER1567A,Lotus Bud in Yellow Gold Earrings,,
ER1569A,Bird of Paradise in Yellow Gold Earrings,,
ER1569B,Bird of Paradise in Pink Gold Earrings,,
ER0147B,Ballroom Dance Gown Earrings,,
ER1571A,Ageless Moon Earrings,,
ER1572A,Tropical Treasure Earrings,,
ER1573A,Classic Pink Coral Earrings,,
ER1574B,Double Decker Diamonds in Pink Gold Earrings,,
ER1575A,Power of a Seed Earrings,,
ER1576A,Fair and Square Earrings,,
ER1577A,Valuable Vega Earrings,,
ER1599A,Pink Huggy Earrings,,
ER0062C,White and Sparkle Earrings,,
ER0001A,Chic in Chalcedony Earrings,,
ER0004A,Double Loop Earrings,,
ER0006A,Twinkling Treble Earrings,,
ER0009A,A Toast to Beer Quartz Earrings,,
ER0035A,Purple Peace Earrings,,
ER0037A,Diamond Clasp Earrings,,
ER0039A,Red Drop Earrings,,
ER0047A,Aquaworld Earrings,,
ER0048A,Charming Cherry Earrings,,
ER0058A,Quad Queen Earrings,,
ER0067A,Azure Drop Earrings,,
ER0067B,Kashmiri Azure Drop Earrings,,
ER0096A,Twinkling Triple Earrings,,
ER0100A,Mesmerizing Margarite Earrings,,
ER0102A,Double-sided Diagonal Dazzle Earrings,,
ER0109A,Lily Bud Earrings,,
ER0117A,Budding Baalis in Black,,
ER0120A,Marvelous Mystique Earrings,,
ER0154A,Flower Power Earrings,,
ER0180A,Blooming White Lily Earrings,,
ER0180B,Blooming Golden Lily Earrings,,
ER0183A,Fire Ball Earrings,,
ER0186A,Canopy of Stars Earrings,,
ER0187A,Radiant Ripples Earrings,,
ER0188A,Tantalizing Track Earrings,,
ER0191A,Purple Haze Earrings,,
ER0193A,Green Haze Earrings,,
ER0234A,Magnificent Marquise Earrings,,
ER0235A,Pear Pleasure Earrings,,
ER0236A,Merry Mitchella Earrings,,
ER0237A,Fabulous Fiorella Earrings,,
ER0238A,Sparkling Silvermist Earrings,,
ER0239A,Gorgeous Grape Vine Earrings,,
ER0241A,Forbidden Fruit Earrings,,
ER0242A,Arabian Night Star Earrings,,
ER0245A,Azurine Princess Earrings,,
ER0247A,Ravishing Rosline Earrings,,
ER0248A,Demure Daisy Earrings,,
ER0249A,Light Luminita Earrings,,
ER0250A,Pretty Paula Earrings,,
ER0251A,Peach Espiral Earrings,,
ER0252A,Dazzling Dabriel Earrings,,
ER0253A,Pretty in Peach Earrings,,
ER0254A,Valentine Forever Earrings,,
ER0255A,Coltish Coral Earrings,,
ER0256A,Davina Diamonds Earrings,,
ER0263A,Luciana Globe Earrings,,
ER0265A,Bougainvillea Beauty Earrings,,
ER0266A,Tulip Nectar Earrings,,
ER0278A,Quaint Quartz Baalis,,
ER0280A,Posh Paisley Earrings,,
ER0284A,Teal Hana Huggies,,
ER0501A,Dancing Diamond in Yellow Gold Earrings,,
ER0501B,Dancing Diamond in White Gold Earrings,,
ER0529A,Hackberry Huggies in Yellow Gold Earrings,,
ER0529B,Hackberry Huggies in Pink Gold Earrings,,
ER0530B,Sparkling Snowman Huggies in White Gold Earrings,,
ER0538A,Floral Dome Jhumkas,,
ER0539A,Glamor Green Jhumkas,,
ER0546A,Guarded Pearl Earrings,,
ER0549A,Shimmering Swirls Jhumkas,,
ER0556A,Paisley Plantae Jhumkas,,
ER0560A,Dangling Dandelion Earrings,,
ER0571A,Blossom Band Earrings,,
ER0591A,Laced in Pearls Jhumkas,,
ER0596A,Green Planet Earrings,,
ER0598A,Dangling Dianthus Earrings,,
ER0599A,Fairyland Fantasy Earrings,,
ER0601A,Trickling Absinthe Earrings,,
ER0603A,Ethnic Splendor Earrings,,
ER0607A,Green Dangler Drop Earrings,,
ER0607B,Red Dangler Drop Earrings,,
ER0630A,Globe Arch Earrings,,
ER0631A,Exquisite Equator Earrings,,
ER0656A,Sunshine Sunflower Earrings,,
ER0657A,Radiant Wreath Earrings,,
ER0658A,Fabulous Green Foliage Huggies,,
ER0658B,Fabulous Red Foliage Huggies,,
ER0659A,Ikebana Inspired Huggies,,
ER0673A,Glow Worm Huggies,,
ER1002A,Rhodolite Radiance Huggies,,
ER1010A,Grape Basket Earrings,,
ER1012A,Mint Donut Huggies,,
ER1013A,Christmas Dangler Huggies,,
ER1014A,Dangler Jhumka Huggies,,
ER1017A,Daisy Dee Huggies,,
ER1018A,Hula Hooping Huggies,,
ER1023A,Butter Pots Baalis,,
ER1024A,Madame Mystery Earrings,,
ER1025A,Bowling Ball Baalis,,
ER1026A,Diana Drops Earrings,,
ER1027A,Drop of Drops Earrings,,
ER1030A,Pixie Dust Earrings,,
ER1032A,Filigree Fiesta Earrings,,
ER1037A,Ogee Orb Huggies,,
ER1038A,Divine Flower Pot Huggies,,
ER1039A,Dazzling Diamond Disc Huggies,,
ER1047B,Black Beauty in Pink Gold Earrings,,
ER1071A,Celestial Creeper Earrings,,
ER1080A,Coolie Cap Charisma Earrings,,
ER1085A,Joyous Jena Jhumkas,,
ER1091A,Green Whimsy Curls Earrings,,
ER1091B,Red Whimsy Curls Earrings,,
ER1094A,Polka Passion Earrings,,
ER1095A,White Topsy-Turvy Twinkle Earrings,,
ER1095B,Golden Topsy-Turvy Twinkle Earrings,,
ER1097B,Golden Baroque Paisley Earring,,
ER1099A,Midnight Madame Earrings,,
ER1104A,Pearl Square Earrings,,
ER1107A,Cubic Charm Earrings,,
ER1109A,Elegant Alice Earrings,,
ER1112A,Magnificent Maria Earrings,,
ER1113A,Pretty Possi Earrings,,
ER1114A,Wonderful Web Earrings,,
ER1117A,Flora Exotica Earrings,,
ER1120A,Laced Drop Earrings,,
ER1121A,Parachute Pearl Earrings,,
ER1122A,Drizzling Drops Jhumkas,,
ER1123A,Oleander Bud Earrings,,
ER1126A,Lovely Loop Earrings,,
ER1132A,Linked Pearl Drops Earrings,,
ER1137A,Earthen Flame Earrings,,
ER1147A,Slinky Long Pearl Drop Earrings,,
ER1155A,Glamorous Gardenia Earrings,,
ER1161A,Ravishing Rings Earrings,,
ER1162A,Circles of Splendor Earrings,,
ER1167A,White Rosetta Garland Earrings,,
ER1168B,Red Opulent Orbit Earrings,,
ER1172A,Radiant Raindrops Earrings,,
ER1173A,Splendid Citrine Earrings,,
ER1175A,Studded Star Earrings,,
ER1178A,Violet Vernonia Earrings,,
ER1187B,Gold Bejeweled Diamond Earrings,,
ER1191B,Bold n the Beautiful in Pink Gold Earrings,,
ER1200A,Double-sided Twinkling Tassels Earrings,,
ER1201A,Apple of Eve Earrings,,
ER1203B,Golden Coral Blooming Beauty Earrings,,
ER1209A,Floral Ambrosia Earrings,,
ER1240A,Sparkling Snowflake Pendant,,
ER1242A,Phantom Queen Earrings,,
ER1243A,Resplendent Ripples Earrings,,
ER1246A,Opulent Princess Ozma in Topaz Earrings,,
ER1247A,Sea Dragon Earrings,,
ER1250A,Ethnic Radiance Earrings,,
ER1252A,Fabulous Fortuna Earrings,,
ER1253A,Splendorous Citrine Earrings,,
ER1263A,Dazzling Droplet Earrings,,
ER1265A,Luminous Loops Earrings,,
ER1266A,Star of Nemesis Earrings,,
ER1281A,Elegant Elysia Earrings,,
ER1287A,Mandolin Margaret Earrings,,
ER1298A,Double-sided Poseidon Waves Earrings,,
ER1302A,Diana's Clutch Earrings,,
ER1310A,Pearls of Paradise Earrings,,
ER1312A,Winter Willow Earrings,,
ER1319A,Blue Cynthia Earrings,,
ER1320A,Divine Daffodils Earrings,,
ER1321A,Mystery of the Mayan Pyramid Earrings,,
ER1327A,For the Love of Ludo Earrings,,
ER1328A,Nightingale Jewel Earrings,,
ER1329A,Golden Honeycomb Earrings,,
ER1330A,Treasured Azure Earrings,,
ER1334A,Dazzling Daphne Earrings,,
ER1336A,Monsoon Blossom Earrings,,
ER1338A,Simple Grace Earrings,,
ER1341A,Uncanny Umbrella Earrings,,
ER1342A,Baseball Belle Earrings,,
ER1351A,Monsoon Midnight Earrings,,
ER1356A,Pretty Plum Earrings,,
ER1357A,Ringing Red Earrings,,
ER1374A,Hoop of Hera Earrings,,
ER1379A,Fabulous Firefly Earrings,,
ER1394A,Blue Moon Earrings,,
ER1398A,Grace of God Earrings,,
ER1419A,Apple Bite Earrings,,
ER1433A,Egyptian Eye Earrings,,
NE0009B,Green Rampant Earrings,,
ER0016A,Scarlet Splendor Earrings,,
ER0061A,Lord of Rings in Yellow Gold Earrings,,
ER0062A,Gold and Sparkle Hoops Earrings,,
ER0079A,Pearl Tinker Bell Earrings,,
ER0086A,Cat Eye Earrings,,
ER0168A,Zeleny Zara Earrings,,
ER0515A,Moon and Stars Earrings,,
ER0522A,Luminous Labyrinth Earrings,,
ER0590A,Pearlita Grace Earrings,,
ER1205A,Queen of the Night Earrings,,
ER1206A,Black and Bold Earrings,,
ER1207A,Check-mate in Yellow Gold Earrings,,
ER1207B,Check-mate in Pink Gold Earrings,,
ER1211A,Princess Ameerah Earrings,,
ER1212A,Gliding Parakeet Earrings,,
ER1213A,The Three Musketeers Earrings,,
ER1219A,Henna Heaven Earrings,,
ER1220A,Blue Bell Earrings,,
ER1221A,Pretty Pearlita Earrings,,
ER1222A,Red Whirl Earrings,,
ER1224A,Green Florero Earrings,,
ER1225A,Brilliant Braid Earrings,,
ER1226A,Scarlett Bloom Earrings,,
ER1227A,Sprouting Splendor Earrings,,
ER1229A,Pristine Pearline Earrings,,
ER1230A,Svelte Golden Swan Earrings,,
ER1231A,Pouch of Secrets Earrings,,
ER1232A,Glittering Gazania Earrings,,
ER1236A,Mesmerizing Magnolia Earrings,,
ER1241A,Autumn Foliage Earrings,,
ER1244A,Tender Trillium Earrings,,
ER1246B,Opulent Princess Ozma in Coral Earrings,,
ER1248A,Flamboyant Faunus Earrings,,
ER1249A,Emily Rose Earrings,,
ER1251A,Midnight Moon Earrings,,
ER1258A,Wish upon a Star Earrings,,
ER1259A,Twinkling Twirl Earrings,,
ER1260A,Jewel of Jasmine Earrings,,
ER1262A,Dark Sparkle Earrings,,
ER1264A,Vatican Splendor Earrings,,
ER1267A,Precious and Protected Pearl Earrings,,
ER1268A,Princess Tiana Earrings,,
ER1270A,Ultraviolet Radiance Earrings,,
ER1271A,Luminous Estuary Earrings,,
ER1272A,Love Lock Earrings,,
ER1274A,Daily Diamonds Earrings,,
ER1275A,Lucky Charm Earrings,,
ER1277A,Bridesmaid Earrings,,
ER1278A,Cute Cuadrado Earrings,,
ER1282A,Purple Heavenly Habibi Earrings,,
ER1282B,Red Heavenly Habibi Earrings,,
ER1283A,Octagonal Brilliance Earrings,,
ER1284A,Silver Lining Earrings,,
ER1288A,Infinite Loop Earrings,,
ER1290A,The Golden Mango Earrings,,
ER1292A,Green Lantern Earrings,,
ER1295A,Delicia Diamonds Earrings,,
ER1297A,Sea-Through Fantasia Earrings,,
ER1299A,Heavenly Hoops Earrings,,
ER1300A,Hoopla Party with Rock and Metal in Yellow Gold Earrings,,
ER1300B,Hoopla Party with Rock and Metal in Pink Gold Earrings,,
ER1303A,Precious Paisley Earrings,,
ER1304A,Heavenly Hazel Earrings,,
ER1305A,Aqua Eructo Earrings,,
ER1306A,Sky Girl Earrings,,
ER1307A,Elegant Eleanor Earrings,,
ER1308A,Frolic Fleur-de-lis Earrings,,
ER1311A,Pearl Esmeralda Earrings,,
ER1314A,Charming Charlotte Earrings,,
ER1315A,Endearing Executive Earrings,,
ER1316A,Knotty Diamond Earrings,,
ER1322A,Dainty Darlene Earrings,,
ER1323A,Modest Maiden Earrings,,
ER1324A,Enchanting Flute Earrings,,
ER1326A,Beautiful Brigitte Earrings,,
ER1331A,Celestial Circle Earrings,,
ER1332A,Elliptic Radiance Earrings,,
ER1333A,Pretty Plumeria Earrings,,
ER1494A,Lustrous Lylah Earrings,,
ER1495A,Autumn Flora Earrings,,
ER1496A,Alluring Aster Earrings,,
ER1497A,Jeweled Jessica Earrings,,
ER1498A,Radiant Rosaline Earrings,,
ER1499A,Starry Night Earrings,,
ER1500A,Lovely Water Lily Earrings,,
ER1285A,Pearlette Shooting Star Earrings,,
ER1291A,Scintillating Cearas Earrings,,
ER1515A,Gold Petals Earrings,,
ER1516A,Pearl and Paisley Earrings,,
ER1518A,Floral Charm Earrings,,
ER1520A,Shining Catalina Earrings,,
ER1524A,Graceful Glenda Earrings,,
ER1526A,Fairy Moss Earrings,,
ER1534A,Gift of Gabriel Earrings,,
ER1594A,Lucky Lanthine Earrings,,
ER0007A,Adored Amelia Earrings,,
ER0015A,Majesty's Favorite Earrings,,
ER0020A,Teddy Love Earrings,,
ER0028A,Star of Venus Earrings,,
ER0029A,Lucky Lisianthus Earrings,,
ER0078A,Daisy Drop Earrings,,
ER0091A,Round Red Bonanza Earrings,,
ER0093A,Evergreen Gardenia Earrings,,
ER0099A,Dazzling Dots Earrings,,
ER0146A,Ultimate Drop Earrings,,
ER0176A,Garden Square Earrings,,
ER0182A,Chalcedony Charmer Earrings,,
ER0189A,Half Diamond Earrings,,
ER0217A,Precious flower Earrings,,
ER0219A,Endearing queen Earrings,,
ER0221A,Dazzling Wheel Earrings,,
ER0222A,Inner-magic square Earrings,,
ER0229A,Centric Amethyst Earrings,,
ER0231A,Blue Galaxy Earrings,,
ER0233A,Sudoku Square Earrings,,
ER0240A,Winter leaves Earrings,,
ER0243A,Hazel Night Star Earrings,,
ER0260A,Pearl Plantae Earrings,,
ER0272A,Exquisite Eva Earrings,,
ER0274A,Diamond Cluster Earrings,,
ER0281A,Blazing Personality Earring,,
ER0504A,Geometric Dazzle Earrings,,
ER0511A,Domed Paisley Earrings,,
ER0512A,Pearly Pear Drop Earrings,,
ER0527A,Spherical Tales Earrings,,
ER0535A,Queen Jodha's Earrings,,
ER0536A,Prancing Paisleys Jhumkas,,
ER0543A,Soft White Maple Earrings,,
ER0545A,Swirls Within Earrings,,
ER0547A,Tinkling Pearl Earrings,,
ER0548A,Tempting Acorn Earrings,,
ER0551A,Partial dazzle Earrings,,
ER0552A,Poised Peacock Jhumkas,,
ER0553A,Dainty Drop Earrings,,
ER0554A,Crowned Flora Earrings,,
ER0558A,Constellated Beauty Earrings,,
ER0561A,Pitch-Patch Hoop Earrings,,
ER0563A,Alluring loop Earrings,,
ER0567A,Long-drop Purple Earrings,,
ER0568A,Splendorous Zinnia Earrings,,
ER0569A,Sweet Surrender Earrings,,
ER0570A,Secret to Heaven Earrings,,
ER0572A,Heaven's Blessing Earrings,,
ER0577A,Indian Beauty Earrings,,
ER0578A,Scalloped Bell Earrings,,
ER0579A,Adorned Baalis Earrings,,
ER0580A,White Desirous Bond Earrings,,
ER0581A,Bells of Nature Earrings,,
ER0588A,Mesh Dangle Earrings,,
ER0595A,Nature Fresh Earrings,,
ER0597A,Chained Topaz Earrings,,
ER0602A,Golden Rush Earrings,,
ER0605A,Mystic Topaz Earrings,,
ER0606A,Twisted Rhodolite Delight Earrings,,
ER0608A,Twisted Topaz Delight Earrings,,
ER0628A,Mini Choker Earrings,,
ER0632A,Perfect Tradition Earrings,,
ER0637A,Exquisite Jhumka Earrings,,
ER0638A,Twisted Mango Drop Earrings,,
ER0639A,Prom Queen Earrings,,
ER0662A,Gerbera Stunner Earrings,,
ER0663A,Gold Fish Earrings,,
ER0674A,Diamond Screen Earrings,,
ER1001A,Single Line Drop Earrings,,
ER1005A,Sparkling Ocean Earrings,,
ER1006A,Green Elegance Earrings,,
ER1007A,Red Dual Beauty Earrings,,
ER1008A,Filigree Frisbee Huggies,,
ER1015A,Captivating Dangle Earrings,,
ER1019A,Alluring Ascent Earrings,,
ER1028A,Mid Flower Earrings,,
ER1036A,Chic Shapes Green Topaz Earring,,
ER1040A,Playing Marble Earrings,,
ER1041A,Swirl-Pop Earrings,,
ER1044A,Green Dual Beauty Earrings,,
ER1046A,Floral Loops Earrings,,
ER1047A,Black Beauty in Yellow Gold Earrings,,
ER1048A,Glorious Victory Earrings,,
ER1050A,Ocean's Princess Earrings,,
ER1051A,Fearless Fawna Baalis,,
ER1052A,Bejeweled Topaz Disk Earrings,,
ER1053A,Sea Shell Earrings,,
ER1054A,Classic Hoop Earrings,,
ER1055A,Emerging Hero Earrings,,
ER1056A,Splendid Achiever Earrings,,
ER1057A,Island of Dreams Earrings,,
ER1058A,Dainty Baalis in Yellow Gold,,
ER1059A,Diamond Laurel Earrings,,
ER1060A,Royal Presence Earrings,,
ER1061A,Magnificent Skyscrapers Earrings,,
ER1065A,Locked Topaz Earrings,,
ER1070A,Glamor Curve Earrings,,
ER1072A,Fishtail Braid Earrings,,
ER1073A,Royale Pumpkin Earrings,,
ER1075A,Purple Pumpkin Earrings,,
ER1079A,Cascading Pearls Jhumkas,,
ER1081A,Charmer of the Eye Earrings,,
ER1082A,Gorgeous Greta Earrings,,
ER1083A,Enmeshed Swirls Earrings,,
ER1086A,Princess Jasmine Earrings,,
ER1087A,Christmas Tree Earrings,,
ER1088A,Twisted Amethyst Earrings,,
ER1089A,Twists n Turns Earrings,,
ER1090A,Twisted Duo in Yellow Gold Earrings,,
ER1092A,Dainty Strings Earrings,,
ER1093A,Royal Mesh Earrings,,
ER1096A,Profound Red-drop Earrings,,
ER1097A,White Baroque Paisley Earrings,,
ER1103A,Twinkling Drops Earring,,
ER1105A,Amethyst Desire Earrings,,
ER1106A,Sunshine Drop Earrings,,
ER1108A,Precious Princess Earrings,,
ER1110A,Gold Melody Earrings,,
ER1111A,Princess Drop Earrings,,
ER1116A,Delicate Donna Earrings,,
ER1124A,Bonfire Beauty Earrings,,
ER1125A,Dangling Citrine Earrings,,
ER1127A,Angels n Demons Earrings,,
ER1128A,Wild Stones Earrings,,
ER1133A,Kings Drop Earrings,,
ER1134A,Dazzling Diamond Drops Earrings,,
ER1138A,Divine Ellipse Earrings,,
ER1139A,Arctic Supermoon Earrings,,
ER1144A,Triple Bonanza Earrings,,
ER1145A,Forever Linked Earrings,,
ER1151A,Sprouting Desire Earrings,,
ER1153A,Garden Raindrop Earrings,,
ER1154A,Glamorous Globule Earrings,,
ER1156A,Dangling Tower Earrings,,
ER1157A,Tall-Delicate-Sleek Earrings,,
ER1158A,Dressy Dangle Earrings,,
ER1164A,Fervent Flame Earrings,,
ER1166A,Treasured Pearl Earrings,,
ER1168A,Black Opulent Orbit Earrings,,
ER1171A,Triplet Tear Earrings,,
ER1177A,Nature's Pride Earrings,,
ER1179A,Swirls Attack Earrings,,
ER1181A,Perfect Combo Earrings,,
ER1182A,Square Grandeur Earrings,,
ER1187A,White Bejeweled Diamond Earrings,,
ER1188A,Violet Pear Earrings,,
ER1190A,Splendid Weave Earrings,,
ER1191A,Bold n the Beautiful in Yellow Gold Earrings,,
ER1194A,Twined Loop Earrings,,
ER1195A,Ornate Festoon Earrings,,
ER1196A,Chained Dewdrop Earrings,,
ER1197A,Creamy Quartz Earrings,,
ER1199A,Magnanimous Daisy Earrings,,
ER1202A,Glorious Galaxy Earrings,,
ER1203A,Coral Blooming Beauty Earrings,,
ER1208A,Alluring Amethyst Earrings,,
ER1210A,Trinity with Topaz Earrings,,
ER1235A,Secret Purple Earrings,,
ER1382A,Roxo Rocks Earrings,,
ER1390A,Priceless Nature Earrings,,
ER1407A,Crimson Flame Earrings,,
ER1413A,Black and Brilliant Earrings,,
ER1427A,Concentric Square Earrings,,
ER1429A,Sound of Music Earrings,,
ER1430A,Ecstatic Winter Earrings,,
ER1432A,Quadra Drops Earrings,,
ER1435A,Loaded Missile Earrings,,
ER1436A,Studded Slate Earrings,,
ER1501A,Perfect Match Earrings,,
ER1504A,Glamor Quotient Earrings,,
ER1506A,Chunky Stones Earrings,,
ER1507A,Chunky Combo Earrings,,
ER1508A,Chunky Tetrad Earrings,,
ER1509A,Grand Round Earrings,,
NE0002A,Fire Kiln Earrings,,
NE0004A,Garnered Green Earrings,,
NE0005A,Rolling Waves Earrings,,
NE0006A,Grand Galaxias Earrings,,
NE0007A,Purple Royale Earrings,,
NE0008A,Luminous Marquise Earrings,,
NE0010A,Helios and Hoops Earrings,,
NE0011A,Golden Eye Earrings,,
NE0012A,Purple Drops Earrings,,
ER1402A,Rhombus Radiance Earrings,,
ER0262A,Luciana Drop Earrings,,
ER1189A,Radiant Rubia Earrings,,
ER1204A,Sparkling Red Wine Cocktail Earrings,,
ER1364C,Captivating Camellia in Pink Gold Earrings,,
ER1371A,Sparkling Screen Earrings,,
ER1384A,Engulfing Wave in Yellow Gold Earrings,,
ER1384B,Engulfing Wave in White Gold Earrings,,
ER1412B,Purple Whirlpool Earrings,,
ER1420A,Roisin Rocks Earrings,,
ER1591A,Star of Athens Earrings,,
NE0016A,Glorious Green Earrings,,
ER1539A,Shining Shamrock Earrings,,
ER1540A,Opulent Orchid in Yellow Gold Earrings,,
ER1540B,Opulent Orchid in Pink Gold Earrings,,
ER1543A,Beautiful Basil in Yellow Gold Earrings,,
ER1543B,Beautiful Basil in Pink Gold Earrings,,
ER1545A,Twinkling Tide in Yellow Gold Earrings,,
ER1545C,Twinkling Tide in White Gold Earrings,,
ER1546C,Illuminated Infinity in White Gold Earrings,,
ER1548A,Dainty Dazzles Earrings,,
ER1553B,Voguish Vernonia in Pink Gold Earrings,,
ER1555A,Himalayan Bloom in Yellow Gold Earrings,,
ER1558A,Wings of Fantasy in Yellow Gold Earrings,,
ER1558B,Wings of Fantasy in Pink Gold Earrings,,
ER1560B,Divine Pink Lotus Earrings,,
ER1561A,Fun with Shapes in Yellow Gold Earrings,,
ER1564A,Apple of My Eye in Yellow Gold Earrings,,
ER1564B,Apple of My Eye in Pink Gold Earrings,,
ER1565B,Expression Triangles in Pink Gold Earrings,,
ER1567B,Lotus Bud in Pink Gold Earrings,,
ER1568A,Lucky Star in Yellow Gold Earrings,,
ER1568B,Lucky Star in Pink Gold Earrings,,
ER0253B,Oval Floral Earrings,,
ER0603B,Jubilant Jhumkas,,
ER1044B,Crimson Red Dual Beauty Earrings,,
ER1111B,Princess Gold Drop Earrings,,
ER1570A,Empowered Elsa Earrings,,
ER1574A,Double Decker Diamonds in Yellow Gold Earrings,,
ER0104A,Crimson Bloom Earrings,,
ER0115A,Memoir of the Ocean Earrings,,
ER0117B,Budding Baalis in Green,,
ER0121A,Dangling Dome Earrings,,
ER0127A,Band of Star Dust Earrings,,
ER0128A,Sizzling Citrine Earrings,,
ER0140A,Highway to Heaven Earrings,,
ER0144A,Three Steps to Heaven Earrings,,
ER0145A,Enchanting Pearlina Earrings,,
ER0147A,Golden Globe Earrings,,
ER0153A,Hazel Hana Earrings,,
ER0162A,Valuable Verdant Earrings,,
ER0165A,Triumphant at Tennis Earrings,,
ER0171A,Purple Prose Earrings,,
ER0179A,Opulent Olive Earrings,,
ER0227A,Shining Sea Shells Earrings,,
ER0228A,Opulent Oyster Earrings,,
ER0244A,Purple Penelope Earrings,,
ER0258A,Demure Daisy Nectar Drop Earrings,,
ER0261A,Peach Plantae Earrings,,
ER0264A,Luciana Gold Earrings,,
ER0271A,Pleasant Plantae Earrings,,
ER0273A,Charming Charlene Earrings,,
ER0279A,Admirable Amethyst Earrings,,
ER0508A,Treasure from the Deep Jhumkas,,
ER0530A,Sparkling Snowman Huggies in Yellow Gold Earrings,,
ER0543B,Soft Gold Maple Earring,,
ER0580B,Pink Desirous Bond Earring,,
ER0592A,Ethnic Eloquence Jhumkas,,
ER0663B,Pink Gold Fish Earrings,,
ER1009A,Fashionable Fall Huggies,,
ER1020A,Star-studded Square Earrings,,
ER1031A,Blooming Blossom Baalis,,
ER1036B,Chic Shapes Red Topaz Earring,,
ER1043A,Cherry Branch Huggies,,
ER1045A,Sundrop Splendor Huggies,,
ER1058B,Dainty Baalis in White Gold Earrings,,
ER1078A,Marvelous Melon Earrings,,
ER1090B,Twisted Duo in Pink Gold Earrings,,
ER1098A,Ornate Onyx Earrings,,
ER1136A,Curl and Quartz Huggies,,
ER1149A,Carnation Queen Earrings,,
ER1198A,Harmonious Hera Earrings,,
ER1233A,Green Gentian Earrings,,
ER1234A,Black Barbiel Earrings,,
ER1339A,Twinkling Tomboy Earrings,,
ER1343A,Brilliant Biscuit Earrings,,
ER1352A,Star Light Star Bright Earrings,,
ER1354A,Holms in a Hoop Earrings,,
ER1358A,Florid Fireworks Earrings,,
ER1361A,Dribbling Dazzler Earrings,,
ER1365A,Waterfall Wonder Earrings,,
ER1366A,Hanging on a Star Earrings,,
ER1372A,Dazzling Green Drip Earrings,,
ER1372B,Dazzling Red Drip Earrings,,
ER1375A,Water Hose Earrings,,
ER1377A,Sparkle in Stripes Earrings,,
ER1383A,Cinderella's Carriage Earrings,,
ER1400A,Lantern in the Dusk Earrings,,
ER1415A,Starburst Spectacle Earrings,,
ER1424A,Glamor Girl Earrings,,
ER1478A,Layered Leaves Jhumka,,
ER1479A,Bubbles and Brilliance Jhumkas,,
ER1480A,Egyptian Hearts Huggies,,
ER1481A,Undersea Pearls Jhumkas,,
ER1483A,Frolicking Frock Jhumkas,,
ER1484A,Bollywood Belle Jhumkas,,
ER1485A,Remarkable Railing Jhumkas,,
ER1486A,Curls and Twirls Earrings,,
ER1487A,Puff and Pearl Jhumkas,,
ER1489A,Wedding Bells Jhumkas,,
ER1491A,Entwined Duality Earrings,,
ER1514A,Cool Pool Earrings,,
NE0007B,Sunlight Citrine Earrings,,
NE0012B,Sparkling Christmas Earrings,,
ER0008A,Della Diamonds Earrings,,
ER0061B,Lord of Rings in White Gold Earrings,,
ER0062B,Pink and Sparkle Hoops Earrings,,
ER0079B,Golden Tinker Bell Earrings,,
PD0678A,Anbani A Pendant,,
PD0679A,Anbani B Pendant,,
PD0680A,Anbani C Pendant,,
PD0681A,Anbani F Pendant,,
PD0682A,Anbani G Pendant,,
PD0683A,Anbani H Pendant,,
PD0684A,Anbani I Pendant,,
PD0685A,Anbani J Pendant,,
PD0686A,Anbani K Pendant,,
PD0687A,Anbani L Pendant,,
PD0688A,Anbani M Pendant,,
PD0689A,Anbani N Pendant,,
PD0690A,Anbani P Pendant,,
PD0691A,Anbani R Pendant,,
PD0692A,Anbani S Pendant,,
PD0693A,Anbani T Pendant,,
PD0694A,Anbani V Pendant,,
PD0695A,Anbani W Pendant,,
PD0696A,Anbani Z Pendant,,
PD0698A,Pismo Primula B Pendant,,
PD0699A,Pismo Primula D Pendant,,
PD0700A,Pismo Primula F Pendant,,
PD0701A,Pismo Primula G Pendant,,
PD0702A,Pismo Primula H Pendant,,
PD0703A,Pismo Primula I Pendant,,
PD0704A,Pismo Primula K Pendant,,
PD0705A,Pismo Primula N Pendant,,
PD0706A,Pismo Primula P Pendant,,
PD0707A,Pismo Primula R Pendant,,
PD0708A,Pismo Primula S Pendant,,
PD0709A,Pismo Primula T Pendant,,
PD0710A,Pismo Primula V Pendant,,
PD0711A,Pismo Primula W Pendant,,
PD0712A,Pismo Primula Z Pendant,,
PD0713A,Hallowed be Thy Name in A Pendant,,
PD0714A,Hallowed be Thy Name in B Pendant,,
PD0715A,Hallowed be Thy Name in F Pendant,,
PD0716A,Hallowed be Thy Name in D Pendant,,
PD0717A,Hallowed be Thy Name in G Pendant,,
PD0718A,Hallowed be Thy Name in H Pendant,,
PD0719A,Hallowed be Thy Name in I Pendant,,
PD0720A,Hallowed be Thy Name in J Pendant,,
PD0721A,Hallowed be Thy Name in K Pendant,,
PD0722A,Hallowed be Thy Name in L Pendant,,
PD0723A,Hallowed be Thy Name in M Pendant,,
PD0724A,Hallowed be Thy Name in N Pendant,,
PD0725A,Hallowed be Thy Name in P Pendant,,
PD0726A,Hallowed be Thy Name in R Pendant,,
PD0727A,Hallowed be Thy Name in S Pendant,,
PD0728A,Hallowed be Thy Name in T Pendant,,
PD0729A,Hallowed be Thy Name in V Pendant,,
PD0502A,Rain Drop Pendant,,
PD0503A,Churning Charm Pendant,,
PD0518A,Purple Squiggle Pendant,,
PD0519A,Snail Stud Pendant,,
PD0520A,Skipping Sparkler Pendant,,
PD0521A,Green Flower Drop Pendant,,
PD0521B,Red Flower Drop Pendant,,
PD0521C,Black Flower Drop Pendant,,
PD0523A,Paper Plane Pendant,,
PD0524A,Ribbon of Love Pendant,,
PD0525A,Fluttering Fancy Pendant,,
PD0528A,Rings of Radiance Pendant,,
PD0566A,Brilliant Blue Pendant,,
PD0573A,Coquettish Comma Pendant,,
PD0574A,Tidy Tie Pendant,,
PD0575A,Drop of Life Pendant,,
ER0502A,Rain Drop Earrings,,
ER0503A,Churning Charm Earrings,,
ER0518A,Purple Squiggle Earrings,,
ER0519A,Snail Stud Earrings,,
ER0520A,Skipping Sparkler Earrings,,
ER0521A,Green Flower Drop Earrings,,
ER0521B,Red Flower Drop Earrings,,
ER0521C,Black Flower Drop Earrings,,
ER0523A,Paper Plane Earrings,,
ER0524A,Ribbon of Love Earrings,,
ER0525A,Fluttering Fancy Earrings,,
ER0528A,Rings of Radiance Earrings,,
ER0566A,Brilliant Blue Earrings,,
ER0573A,Coquettish Comma Earrings,,
ER0574A,Tidy Tie Earrings,,
ER0575A,Drop of Life Earrings,,
PD1672A,Singleton Square Pendant,,
PD1673A,Burden of Love Pendant,,
PD1674A,Half-a-Hearted Sparkler Pendant,,
PD1675A,Curly Catalina Pendant,,
PD1676A,Orbital Orlaya Pendant,,
PD1677A,Cross-over Chrysanthemum Pendant,,
PD1678A,Bewitching Bouquet Pendant,,
PD1679A,Radiant Bouquet Wrap Pendant,,
PD1680A,Spring Butterfly Pendant,,
PD1681A,Tulips Trio Pendant,,
PD1682A,Awesome Threesome Pendant,,
PD1683A,Blossom and Bands Pendant,,
PD1684A,Sparkling Streamers Pendant,,
PD1685A,World Cup Trophy Pendant,,
PD1686A,Luminous Lotuses Pendant,,
PD1687A,Holy Cross Pendant,,
PD1692A,Sweet Spectacle Pendant,,
ER1600A,Shamrock Shoot Earrings,,
ER1601A,Fabulous Floweret Earrings,,
ER1602A,Budding Flower Earrings,,
ER1603A,Festiva Fiore Earrings,,
ER1604A,Luminate Line-up Earrings,,
ER1605A,Charming Church Bell Earrings,,
ER1606A,Nature Love Earrings,,
ER1607A,Paper Clip Earrings,,
ER1608A,Merry Matilda Earrings,,
ER1609A,Flower of the Flock Earrings,,
ER1610A,Lola Light Earrings,,
ER1611A,Amethyst Sea Weed Earrings,,
ER1612A,Monsoon Leaf Earrings,,
ER1613A,Mystic Mirage Earrings,,
ER1614A,Grasping Gardenia Earrings,,
ER1615A,Twinkling Turbine Earrings,,
ER1616A,Precious Drop Earrings,,
ER1617A,Abstract Angel Earrings,,
ER1618A,Spiral Citrine Earrings,,
ER1619A,Alluring Amalthea Earrings,,
ER1620A,Red Ribbon Earrings,,
ER1621A,Hoop Handle Earrings,,
ER1622A,Bug on a Baguette Earrings,,
ER1623A,Angelic Azurine Earrings,,
ER1625A,Lotus Pond Earrings,,
ER1626A,Hoopla Trick Earrings,,
ER1627A,Cute Coil Earrings,,
ER1629A,Hook onto Happiness Earrings,,
ER1630A,Spinosa Sparkle Earrings,,
ER1631A,Twinkling Tamara Earrings,,
ER1632A,Bird's Nest Earrings,,
ER1647A,Interlooped Rings Earrings,,
ER1661A,Indigo Flame Earrings,,
ER1666A,Azure Explorer Earrings,,
ER1669A,Twinkle Little Star Earrings,,
ER1670A,Festal Fiorella Earrings,,
ER1671A,Encased Azelia Earrings,,
PD1600A,Shamrock Shoot Pendant,,
PD1602A,Budding Flower Pendant,,
PD1603A,Festive Fiore Pendant,,
PD1604A,Luminate Line-up Pendant,,
PD1605A,Charming Church Bell Pendant,,
PD1606A,Nature Love Pendant,,
PD1607A,Paper Clip Pendant,,
PD1608A,Merry Matilda Pendant,,
PD1609A,Flower of the Flock Pendant,,
PD1610A,Lola Light Pendant,,
PD1612A,Monsoon Leaf Pendant,,
PD1613A,Mystic Mirage Pendant,,
PD1615A,Twinkling Turbine Pendant,,
PD1616A,Precious Drop Pendant,,
PD1618A,Spiral Citrine Pendant,,
PD1619A,Alluring Amalthea Pendant,,
PD1620A,Red Ribbon Pendant,,
PD1621A,Hoop Handle Pendant,,
PD1622A,Bug on a Baguette Pendant,,
PD1617A,Abstract Angel Pendant,,
PD1625A,Lotus Pond Pendant,,
PD1626A,Hoopla Trick Pendant,,
PD1627A,Cute Coil Pendant,,
PD1629A,Hook onto Happiness Pendant,,
PD1630A,Spinosa Sparkle Pendant,,
PD1631A,Twinkling Tamara Pendant,,
PD1632A,Bird's Nest Pendant,,
PD1647A,Interlooped Rings Pendant,,
PD1661A,Indigo Flame Pendant,,
PD1669A,Twinkle Little Star Pendant,,
PD1670A,Festal Fiorella Pendant,,
PD1671A,Encased Azelia Pendant,,
PD1601A,Fabulous Floweret Pendant,,
PD1611A,Amethyst Sea Pendant,,
PD1614A,Grasping Gardenia Pendant,,
PD1623A,Angelic Azurine Pendant,,
PD1666A,Azure Explorer Pendant,,
PD1688A,Window to My Heart Pendant,,
PD1688A,Cutwork Communion Pendant,,
ER1573B,Green Charm Earrings,,
ER0262B,Persian Apple Earrings,,
ER0274B,Scrumptious Sparkler Earrings,,
ER1517A,Mermaid Adornment Earrings,,
ER1519A,"Loves Me, Loves Me Not Earrings",,
ER1522A,Luminous Lilium Earrings,,
ER1523A,Floral Scoop Earrings,,
ER1525A,Floating Flower Earrings,,
ER1527A,Cherry Topped Vanilla Earrings,,
ER1528A,Incomplete Without You Earrings,,
ER1529A,Woodland Star Earrings,,
ER1531A,Olympic Torch Earrings,,
ER1533A,Passionate Peacock Earrings,,
ER1535A,Werqa Wonder Earrings,,
ER1536A,Glorious Gladiolus Earrings,,
ER1635A,Hafnium Flame Earrings,,
ER1639A,Rangoon Creeper Earrings,,
ER1643A,Wondrous Water Pot Earrings,,
ER1650A,Oleander Branch Earrings,,
ER1651A,Honey Hunter Earrings,,
ER1659A,Floral Breeze Earrings,,
ER1664A,Unicorn Tail Earrings,,
ER1345A,Roped-In Rocks Earrings,,
ER1417A,Dribbling Drop Earrings,,
PD1517A,Mermaid Adornment Pendant,,
PD1519A,"Loves Me, Loves Me Not Pendant",,
PD1522A,Luminous Lilium Pendant,,
PD1523A,Floral Scoop Pendant,,
PD1525A,Floating Flower Pendant,,
PD1527A,Cherry Topped Vanilla Pendant,,
PD1528A,Incomplete Without You Pendant,,
PD1529A,Daisy Drop Pendant,,
PD1531A,Olympic Torch Pendant,,
PD1533A,Passionate Peacock Pendant,,
PD1535A,Werqa Wonder Pendant,,
PD1536A,Glorious Gladiolus Pendant,,
PD1635A,Hafnium Flame Pendant,,
PD1639A,Rangoon Creeper Pendant,,
PD1643A,Wondrous Water Pot Pendant,,
PD1650A,Oleander Branch Pendant,,
PD1651A,Honey Hunter Pendant,,
PD1659A,Floral Breeze Pendant,,
PD1664A,Unicorn Tail Pendant,,
RG0081B,Star Trek in White Gold Ring,,
ER1167B,Golden Rosetta Garland Earrings,,
ER1542A,Fleur Drop Earrings in Yellow Gold,,
ER1542B,Fleur Drop Earrings in Pink Gold,,
RG0210A,Princess Amelia Ring,,
RG0213A,Radiant Ruby Ring,,
NE0009A,Blue Constellation Earrings,,
RG0214A,Emerald Exuberance Ring,,
RG0217A,Twinkling Tie Back Ring,,
PD1689A,Dancing Dollops Pendant,,
PD1690A,Dots and Drop Pendant,,
PD1691A,Floral Filigree Pendant,,
PD1578A,Dancing Dolphin Pendant,,
PD1579A,Anchor-Clanker Pendant,,
PD1583A,Sparkling Swan Pendant,,
PD1585A,Sweet Strawbella Pendant,,
PD1693A,Merry Melody Pendant,,
PD1694A,Guardian Star Pendant,,
PD1695A,Rhythmic Rocks Pendant,,
PD1696A,Twinkling Teddy Pendant,,
PD1697A,Cute Koala Pendant,,
PD1698A,Huggy Bear Pendant,,
PD1699A,Disney Princess Pendant,,
PD1700A,Happy Star Pendant,,
PD1701A,Magnificent Moon Pendant,,
PD1702A,Santa Sparkle Pendant,,
PD1703A,Free Willy Pendant,,
PD1704A,Winnie the Pooh Pendant,,
PD1705A,Ice Cream Cone Pendant,,
PD1706A,Butterfly Beauty Pendant,,
PD1707A,Mischievous Mickey Pendant,,
RG0193A,Solitary Splendor Ring,,
RG0219A,Double Daisy Ring,,
RG0224A,Daisy Diamonds Ring,,
RG0235A,Flower Wrap Ring,,
RG0236A,Angelic Affiance Ring,,
RG0241A,Triple Twinkle Ring,,
RG0244A,Indian Damsel Ring,,
RG0245A,Rising Star Ring,,
RG0246A,Grasping Star Ring,,
RG0247A,Alba Super Star Ring,,
RG0248A,Pretty Protostar Ring,,
RG0249A,Floral Embrace Ring,,
RG0250A,Twinkling Tulip Ring,,
RG0251A,Lunar Light Ring,,
RG0252A,Chiseled Charm Ring,,
RG0253A,Bud 'n Bloom Ring,,
RG0254A,Radiant Rack Ring,,
RG0255A,Teasel Twins Ring,,
RG0256A,Falling Flake Ring,,
RG0257A,Moonlit Tide Ring,,
RG0258A,Duetting Damsels Ring,,
RG0259A,Elementary Elegance Ring,,
RG0260A,Glitzy Girl Ring,,
RG0261A,Glinting Glory Ring,,
RG0262A,Triple Triumph Ring,,
RG0263A,Slithering Sparkle Ring,,
RG0264A,Glittering Galaxy Ring,,
RG0265A,Stringing Bow Ring,,
RG0266A,Splendid Square Ring,,
RG0267A,Bold 'n Gold Ring,,
RG0268A,Gleaming Glory Ring,,
RG0269A,Double Drops Ring,,
RG0270A,Glitterati Gallery Ring,,
RG0271A,Saturn Star Ring,,
RG0272A,Twinkling Trellis Ring,,
RG0273A,Dazzling Delight Ring,,
RG0274A,Double Track Della Ring,,
RG0275A,Gold Band Ring,,
RG0276A,Flickering Float Ring,,
RG0277A,Golden Grooves Ring,,
RG0278A,Merry Marigold Ring,,
RG0279A,Glamorous Gaultheria Ring,,
RG0280A,Dazzling Darling Ring,,
RG0281A,Sweet Swirlister Ring,,
RG0282A,Celebrate Triplicate Ring,,
RG0283A,Twisted Tinsel Ring,,
RG0284A,Joyous Gerbera Ring,,
RG0285A,Dandelion Dazzle Ring,,
RG0286A,Solidus Strands Ring,,
RG0287A,Connected Companion Ring,,
RG0288A,Double Ellipse Ring,,
RG0289A,Garden of Eve Ring,,
RG0290A,Optimus Prime Ring,,
RG0291A,Zippy Zeus Ring,,
RG0292A,Valorous Vincent Ring,,
RG0293A,Chrysanthemum Charisma Ring,,
RG0294A,Bountiful Beatitude in Yellow Gold Ring,,
RG0294B,Bountiful Beatitude in Pink Gold Ring,,
RG0294C,Bountiful Beatitude in White Gold Ring,,
RG0295A,Exquisite Flora Ring,,
RG0296A,Elizabethan Crown Ring,,
RG0297A,Effulgent Ebullience Ring,,
RG0298A,Passion Flower Ring,,
RG0299A,Dazzling Debonair Ring,,
RG0300A,Engraved Elegance Ring,,
RG0301A,Embedded Brilliance Ring,,
RG0302A,Flashing Torch Ring,,
RG0303A,Flambeau Radiance Ring,,
RG0304A,Glimmer Glam Ring,,
RG0305A,Primordial Titan Ring,,
RG0306A,Olinda Glow Ring,,
RG0307A,Hail Hercules Ring,,
RG0308A,Heavenly Doorway Ring,,
RG0309A,Prosperous Plutus Ring,,
RG0310A,Window to Heaven Ring,,
RG0311A,Royal Quest Ring,,
RG0312A,Golden Tyre Ring,,
RG0313A,Olympia Star Ring,,
RG0317A,Prince Charming Ring,,
RG0319A,Gallant Galactus Ring,,
RG0329A,Adventurous Aladdin Ring,,
RG0332A,Majestic Thor Ring,,
RG0333A,Lion-Hearted Hero Ring,,
RG0334A,Gutsy Glaucus Ring,,
ER1437C,Pink Flame Earrings,,
RG0315A,Matchless Magnificence Ring,,
RG0316A,Transcendental Titania Ring,,
RG0318A,Gloriosa Daisy Ring,,
RG0320A,Dainty Diamanda Ring,,
RG0321A,Sonnets to Laura Ring,,
RG0322A,Sheer Shimmer Ring,,
RG0323A,Glistening Glory Ring,,
RG0324A,Eternal Ellipse Ring,,
RG0326A,Crowning Glory Ring,,
RG0327A,Pageant Princess Ring,,
RG0328A,Archial Drop Ring,,
RG0330A,Celestial Celebration Ring,,
RG0331A,Guardian Angel Ring,,
RG0335A,Pretty Primula Ring ,,
RG0336A,Hallowed Bouquet Ring,,
RG0337A,Concentric Splendor Ring,,
RG0338A,Transcending Glory Ring,,
RG0339A,Celestial Splendor Ring,,
RG0340A,Cosmic Brilliance Ring,,
RG0341A,Blossoming Bouquet Ring,,
RG0342A,Floral Vine Ring,,
RG0343A,Timeless Tilia Ring,,
RG0344A,Flower Forever Ring,,
RG0345A,Vatican Window Ring,,
RG0346A,Mughal Magnificence Ring,,
RG0347A,Festive Indian Ring,,
RG0348A,Hearts and Arrows Ring,,
RG0349A,Glowing Gardenia Ring,,
RG0350A,Surrounding Love Ring,,
RG0351A,Elevated Glory Ring,,
RG0352A,Splendorous Scepter Ring,,
RG0353A,Graceful Glance Ring,,
RG0354A,Country Queen Ring,,
RG0355A,Circling Solitaire Ring,,
RG0356A,Shining Star Ring /,,
RG0357A,Hallowing Hearts Ring,,
RG0358A,Sailing Splendor Ring,,
RG0359A,Fancy Flora Ring,,
RG0360A,Precious Present Ring,,
RG0361A,Neutron Star Ring,,
RG0362A,Spectacular Supernova Ring,,
RG0363A,Luminous Lighthouse Ring,,
RG0364A,Natty Namorita Ring,,
RG0365A,Femizon Queen Ring,,
ER1624A,Dripping Dazzle Earrings,,
ER1628A,Swirling Sparkle Earrings,,
ER1634A,Topaz Tide Earrings,,
ER1637A,Lush Leaves Earrings,,
ER1638A,Treble Tides Earrings,,
ER1640A,Forest Fragrance Earrings,,
ER1641A,Dazzler Dandy Earrings,,
ER1642A,Chowrie Charm Earrings,,
ER1644A,Perky Paisley Earrings,,
ER1645A,Bright Beacon Earrings,,
ER1646A,Rock n Roll Earrings,,
ER1648A,Rhythmic Gymnastic Earrings,,
ER1649A,Purple Perennial Earrings,,
ER1652A,Candid Curlicue Earrings,,
ER1653A,Heavenly Herb Earrings,,
ER1654A,Wings of Independence Earrings,,
ER1655A,Malayan Pheasant Earrings,,
ER1656A,Delightful Spring Earrings,,
ER1657A,Precious Paragon Earrings,,
ER1658A,Green Grain Earrings,,
ER1660A,Cluster Curl Earrings,,
ER1662A,Blossom Bow Earrings,,
ER1665A,Slithering Strands Earrings,,
ER1667A,Spinning Sparkler Earrings,,
ER1668A,Trilogy Twist Earrings,,
PD1624A,Dripping Dazzle Pendant,,
PD1628A,Swirling Sparkle Pendant,,
PD1634A,Topaz Tide Pendant,,
PD1637A,Lush Leaves Pendant,,
PD1638A,Treble Tides Pendant,,
PD1640A,Forest Fragrance Pendant,,
PD1641A,Dazzler Dandy Pendant,,
PD1642A,Chowrie Charm Pendant,,
PD1644A,Perky Paisley Pendant,,
PD1645A,Bright Beacon Pendant,,
PD1646A,Rock n Roll Pendant,,
PD1648A,Rhythmic Gymnastic Pendant,,
PD1649A,Purple Perennial Pendant,,
PD1652A,Candid Curlicue Pendant,,
PD1653A,Heavenly Herb Pendant,,
PD1654A,Wings of Independence Pendant,,
PD1655A,Malayan Pheasant Pendant,,
PD1656A,Delightful Spring Pendant,,
PD1657A,Precious Paragon Pendant,,
PD1658A,Green Grain Pendant,,
PD1660A,Cluster Curl Pendant,,
PD1662A,Blossom Bow Pendant,,
PD1665A,Slithering Strands Pendant,,
PD1667A,Spinning Sparkler Pendant,,
PD1668A,Trilogy Twist Pendant,,
RG0325A,Dazzler Duet Ring,,
PD1530B,Wedding Flower Basket in Yellow Gold Pendant,,
ER1621B,Hoop Handle in Yellow Gold Earrings,,
ER1417B,Dribbling Drop in Yellow Gold Earrings,,
ER1532B,Golden Pearlette Frond Earrings,,
ER1371B,Golden Sparkling Screen Earrings,,
PD1310B,Pearls of Paradise in Red Pendant,,
RG0293B,Chrysanthemum Charisma in Yellow Gold Ring,,
ER1487B,Red Puff and Pearl Jhumkas,,
BR0004B,Virtuous Verdant in Red Bracelet,,
NP0001A,White Trillium Nose-pin,,
NP0002A,Blossoming Buds Nose-pin,,
NP0003A,Peppy Plumeria Nose-pin,,
NP0004A,Ethnical Florence Nose-pin,,
NP0005A,Exotic Ixora Nose-pin,,
NP0006A,Splendid Sunbini Nose-pin,,
NP0007A,Starburst Aurea Nose-pin,,
NP0008A,Timid Tsvetan Nose-pin,,
NP0009A,Star of David Nose-pin,,
NP0010A,Mandarin Bloom Nose-pin,,
NP0011A,Vedic Tradition Nose-pin,,
NP0012A,Dazzling Delphyne Nose-pin,,
NP0013A,Polovina Prunella Nose-pin,,
NP0014A,Lehti Light Nose-pin,,
NP0015A,Tinkling Tribus Nose-pin,,
NP0016A,Double Dazzle Nose-pin,,
NP0017A,Rising Kismet Nose-pin,,
NP0018A,Twinkle Trail Nose-pin,,
RG0217B,Twinkling Tie Back in Yellow Gold Ring,,
NP0019A,Japonicum Jewel Nose-pin,,
NP0020A,Suntastic Splendor Nose-pin,,
PD1730A,Christian Cross Pendant,,
PD1731A,Aabandh Om Pendant,,
PD1732A,Sacred Cross Pendant,,
PD1733A,The Om Pendant,,
PD1734A,Sri Balaji Pendant,,
PD1735A,Ik Onkaar Pendant,,
PD1736A,Shiva Linga Pendant,,
PD1737A,Om Ganesh Pendant,,
PD1738A,Durga Maa Pendant,,
PD1739A,Ekadant Vinayak Pendant,,
PD1740A,Radiant Om Pendant,,
PD1741A,Sri Govinda Pendant,,
PD1742A,Ganpati Om Pendant,,
PD1743A,The Shree Pendant,,
PD1744A,Om Chants Pendant,,
PD1745A,Jai Ganesh Pendant,,
ER1746A,Eternal Ocean Jhumkas,,
NP0021A,Tinkle Tiga Nose-pin,,
NP0022A,Fabulous Fyra Nose-pin,,
NP0023A,Alluring Anthea Nose-pin,,
NP0024A,Calanthia Radiance Nose-pin,,
RG0366A,Contessa Valentina Ring ,,
NP0025A,Duet Dance Nose-pin,,
NP0026A,Precious Primrose Nose-pin,,
NP0027A,Glitzy Kite Nose-pin,,
NP0028A,Skipping Susanna Nose-pin,,
NP0029A,Beautiful Bonita Nose-pin,,
NP0030A,Atlantean Beauty Nose-pin,,
NP0031A,Heavenly Heather Nose-pin,,
NP0032A,Timeless Hourglass Nose-pin,,
NP0033A,Ascending Ladder Nose-pin,,
NP0034A,Graceful Garner Nose-pin,,
NP0035A,Knots and Crosses Nose-pin,,
NP0036A,Looped-in Light Nose-pin,,
NP0037A,Basal Rosette Nose-pin,,
NP0038A,Encircling Frills Nose-pin,,
NP0039A,Attractive Anemone Nose-pin,,
NP0040A,Magnificent Mandala Nose-pin,,
NP0041A,Posh Posy Nose-pin,,
NP0042A,Orbital Moons Nose-pin,,
NP0043A,Aesthetic Elegance Nose-pin,,
NP0044A,Marquise Magic Nose-pin,,
NP0045A,Flashing Medal Nose-pin,,
NP0046A,Tear Drop Nose-pin,,
NP0047A,Gleaming Wave Nose-pin,,
NP0048A,Glowing Lamp Nose-pin,,
NP0049A,Ring Toss Nose-pin,,
NP0050A,Magnetic Charisma Nose-pin,,
BR0042A,Dream Daisy in Yellow Gold Bracelet,,
BR0042B,Dream Daisy in Pink Gold Bracelet,,
BR0044A,Ravishing Regalia Bangle,,
BR0045A,Indian Vine Bangle,,
BR0046A,Indian Folk Art Bangle,,
BR0047A,Delicate Diamantina Bangle,,
BR0048A,Daphne Drops Bangle,,
BR0049A,Captivating Connect Bangle,,
BR0050A,Clitoria Creeper Bangle,,
BR0051A,Gardenia Garland Bangle,,
BR0052A,Crimson Queen Bangle,,
BR0053A,Captivating Contessa Bangle,,
BR0054A,Botanical Beauty Bangle,,
BR0055A,Marino Jewels Bangle,,
BR0056A,Together Forever Bracelet,,
BR0057A,Majestic Metro Bracelet,,
BR0059A,Trailing Comet Bracelet,,
BR0060A,Pretty Pickerel Bracelet,,
BR0061A,Night Queen Bracelet,,
BR0062A,Golden Embellish Bangle,,
BR0063A,Elegant Embellish Bangle,,
BR0064A,Floral Vector Bangle,,
BR0065A,Star-Studded Splendor Bangle,,
BR0066A,Ethnical Ellora Bangle,,
BR0067A,Golden Grandiosa Bracelet,,
ER1633A,Sabrina's Magic Earrings,,
BR0058A,Joy of Spring Bracelet,,
ER1636A,Cherry Blossom Earrings,,
ER1663A,Golden Wild Flower Earrings,,
PD1633A,Sabrina's Magic Pendant,,
PD1636A,Cherry Blossom Pendant,,
PD1663A,Golden Wild Flower Pendant,,
RG0314A,Enchantress Amora Ring,,
